CONT. CONTÁBIL;CONTA CÓD.;DATA;NOME CLIENTE/FORNECEDOR;HISTÓRICO; CRÉDITO ;  DÉBITO
TROCA DE OLEO;28;11/01/22;NASA  ;FILTROS E OLEO MOTOR ;;1860
OFICINA DA CARRETA;20;11/02/22;RIO VERDE FERRAMENTAS ;CHAPA  COMPENSADO NVAL;;370
OFICINA DA CARRETA;20;11/01/22;LIBRELATO;CANTONEIRA, GRAXA,  ETC;;654,74
OFICINA DA CARRETA;20;11/01/22;PONTUAL SOLDAS SHEGO;MAO DE OBRA ;;1700
OFICINA DA CARRETA;20;11/01/22;CASA DAS MANGUEIRAS SHEGO;REBITE, TETENTOR ETC;;164
TROCA DE OLEO;28;11/01/22;TROCA DE OLEO ;SHEGO;;40
OFICINA DA CARRETA;20;14/01/22;VILELA PAULA E MAPIN SHE  50,00;TINTA EMBORRACHADA;;101
OFICINA DA CARRETA;20;18/01/22;AUTO ELETRICA SHE;LANTERNAS E CONEXOES;;350
DIESEL;13;19/01/22;DECIO RIO VERDE;200;;1128
ARLA;14;13/01/22;DECIO RIO VERDE;42;;138,6
OFICINA DO CAMINHAO;19;19/01/22;DECIO;DISCO TACOGRAFO E PEÇAS ;;24,9
OFICINA DA CARRETA;20;14/01/22;DJC AGRICOLA;;;43
OFICINA DA CARRETA;20;14/01/22;CASA DOS PARAFUSOS;;;120
OFICINA DA CARRETA;20;15/01/22;BIG LATAS;;;38
FRETE FUBA;1;20/01/22;FAZ. COCAL X RIO VERDE ;CANARANA;8971,2;
DIESEL;13;23/01/22;POSTOS CAMINHONEIRO E DECIO;873;;4911,92
ARLA;14;23/01/22;POSTOS CAMINHONEIRO E DECIO;;;166,36
CONCERTO DE PNEUS;18;23/01/22;BORRACHARIA;TROCAS;;200
SEGURO;25;23/01/22;SEGURO E TAXAS;;;39,86
COMISSAO;24;23/01/22;COMISSAO ;;;986,83
LICENÇA RODOVIA;21;23/01/22;ENTREGUE ;;;
CTE  GVA;26;31/01/22;CTE DOS FRETES;;;445,2
FRETE FUBA;1;24/01/22;MALU X RIO VERDE;;8765,75;
KM SAIDA ;2;27/01/22;445361;;;
KM CHEGADA ;3;24/01/22;447019;1658 KM RODADO;;
DIESEL;13;24/01/22;DECIO E CAMINHONEIRO;825;;4634,17
ARLA;14;24/01/22;DECIO;;;165,66
LICENÇA RODOVIA;21;24/01/22;RECEBI;;;
CLASSIFICADOR;22;24/01/22;GORGETA;;;20
COMISSAO;24;24/01/22;COMISSAO;;;964,23
SEGURO;25;24/01/22;SEGURO E TAXAS;;;39,04
CTE  GVA;26;31/01/22;CTE DOS FRETES;;;445,2
FRETE FUBA;1;27/01/22;MALU X RIO VERDE;;8994;
KM SAIDA ;2;27/01/22;447019;;;
KM CHEGADA ;3;27/01/22;448879;;;
DIESEL;13;27/01/22;DECIO E CAMINHONEIRO;812;;4547,27
ARLA;14;27/01/22;DECIO;;;166,76
CONCERTO DE PNEUS;18;27/01/22;BOORACHARIA RONALDO;;;180
COMISSAO;24;27/01/22;COMISSAO ;;;989,4
CLASSIFICADOR;22;27/01/22;GORGETA;;;20
LICENÇA RODOVIA;21;27/01/22;RECEBI;;;
FRETE FUBA;1;28/01/22;MALU X RIO VERDE;;10487,4;
KM SAIDA ;2;26/01/22;450645;;;
KM CHEGADA ;3;28/01/22;448679;1.966 KM;;
DIESEL;13;28/01/22;DECIO;939;;5259,25
ARLA;14;28/01/22;DECIO;;;186,54
LICENÇA RODOVIA;21;28/01/22;RECEBI;;;
CLASSIFICADOR;22;28/01/22;GORGETA;;;20
COMISSAO;24;28/01/22;COMISSAO ;;;1153,61
SEGURO;25;28/01/22;SEGURO E TAXAS;;;45,93
OFICINA DO CAMINHAO;19;28/01/22;CLIMATIZADOR;;;140
OFICINA DA CARRETA;20;28/01/22;REMENDO DA LONA;;;40
FRETE FUBA;1;28/01/22;JACOB ;55340;2305,83;
FRETE FUBA;1;29/01/22;JACOB ;56080;2335,82;
FRETE FUBA;1;31/01/22;JACOB ;58020;2417,5;
COMISSAO;24;31/01/22;COMISSAO ;;;1411,83
FRETE FUBA;1;05/02/22;MALU X RIO VERDE;;10487,4;
KM SAIDA ;2;03/02/22;448679;;;
KM CHEGADA ;3;05/02/22;450645;;;
DIESEL;13;05/02/22;DECIO E CAMINHONEIRO;556;;5815,25
ARLA;14;05/02/22;DECIO E CAMINHONEIRO;;;186,54
OFICINA DO CAMINHAO;19;05/02/22;DECIO ;CLIMATIZADOR;;180
LICENÇA RODOVIA;21;05/02/22;RECEBI;;;
CLASSIFICADOR;22;05/02/22;GORGETA;;;20
SEGURO;25;05/02/22;TAXAS E SEGURO;;;45,93
COMISSAO;24;05/02/22;COMISSAO ;;;1153,61
FRETE FUBA;1;06/02/22;JACOB   R$ 2,50;55480;2311,65;
FRETE FUBA;1;09/02/22;JACOB   R$ 2,50;55740;2322,5;
FRETE FUBA;1;10/02/22;JACOB   R$ 2,50;56460;2352,5;
FRETE FUBA;1;10/02/22;JACOB   R$ 2,50;55200;2300;
FRETE FUBA;1;12/02/22;JACOB   R$ 2,50;56840;2368,33;
FRETE FUBA;1;14/02/22;JACOB   R$ 2,50;57790;2407,97;
FRETE FUBA;1;16/02/22;JACOB   R$ 2,50;56590;2357,93;
FRETE FUBA;1;17/02/22;JACOB   R$ 2,50;54840;2285;
FRETE FUBA;1;20/02/22;JACOB   R$ 2,50;55410;2308,75;
FRETE FUBA;1;23/02/22;JACOB   R$ 2,50;55720;2321,67;
FRETE FUBA;1;24/02/22;JACOB   R$ 2,50;53300;2220,83;
FRETE FUBA;1;25/02/22;SEBASTIAO NOGUEIRA;57370;2390,41;
FRETE FUBA;1;26/02/22;SEBASTIAO NOGUEIRA;56960;2373,33;
FRETE FUBA;1;28/02/22;JACOB R$ 3,00;59260;2962,98;
COMISSAO;24;28/02/22;COMISSAO 20%;;;6656,77
CTE  GVA;26;16/02/22;CTE DOS FRETES;;;211
OFICINA DO CAMINHAO;19;20/02/22;POSTO KR;DISCO TACOGRAFO;;50
FRETE FUBA;1;01/03/22;JACOB  R$ 3,00;57060;2853;
FRETE FUBA;1;06/03/22;JACOB   R$ 4,00;57720;3848;
FRETE FUBA;1;08/03/22;JACOB  R$ 4,00;59540;3969,33;
FRETE FUBA;1;09/03/22;JACOB  R$ 4,00;38720;2581,33;
COMISSAO;24;09/03/22;COMISSAO 20%;;;2650,33
DIESEL;13;05/03/22;POSTO CINQUENTAO ;297;;1662
DIESEL;13;08/03/22;POSTO CINQUENTAO ;317;;1722
OFICINA DA CARRETA;20;09/03/22;PONTUAL SOLDAS SHEGO;;;220
OFICINA DA CARRETA;20;10/03/22;MP JOSE;;;270
ARLA;14;10/03/22;KR ;;;274,52
LAVADOR ;40;11/03/22;CAFÉ LAVAJATO;;;400
DIESEL;13;11/03/22;POSTO KORUJAO ;821;;4625
PNEUS RESSOLADOS;17;11/03/22;PNEU CENTRAL ;4 BORRACHUDO E 4 LISO;;2370
PNEUS NOVOS;16;10/03/22;RANDON ;2 PNEUS LISOS ;;4920
FRETE FUBA;1;12/03/22;BOM JESUS X SÃO LUIS;;17185;
KM SAIDA ;2;12/03/22;;;;
KM CHEGADA ;3;15/03/22;;;;
COMISSAO;24;12/03/22;COMISSAO ;;;1890,35
PNEUS RESSOLADOS;17;10/03/22;PNEU CENTRAL ; 2 PNEUS ;;1170
DIESEL;13;15/03/22;POSTOS CAMINHONEIRO E DECIO;1518;;8500,61
ARLA;14;15/03/22;POSTOS CAMINHONEIRO E DECIO;;;186,53
OFICINA DA CARRETA;20;15/03/22;FORRO PARA ACUCAR;;;112
LICENÇA RODOVIA;21;15/03/22;DEPOSITO;;;
CLASSIFICADOR;22;15/03/22;CLASSIFICADOR ;;;20
FRETE FUBA;1;17/03/22;GRAJAU X VILA DOS BAAHIANOS ;;9601,34;
KM SAIDA ;2;17/03/22;;;;
KM CHEGADA ;3;20/03/22;;;;
DIESEL;13;20/03/22;POSTOS CAMINHONEIRO E DECIO;1224;;6964,32
ARLA;14;20/03/22;POSTOS CAMINHONEIRO E DECIO;;;383,41
CONCERTO DE PNEUS;18;20/03/22;BORRACHARIA;;;40
LICENÇA RODOVIA;21;20/03/22;DEPOSITO;;;
COMISSAO;24;20/03/22;COMISSAO;;;1056,14
FRETE FUBA;1;22/03/22;BUNGE;GUAPEVA X RIO VERDE;12510;
KM SAIDA ;2;22/03/22;;;;
KM CHEGADA ;3;22/03/22;;;;
DIESEL;13;22/03/22;POSTOS CAMINHONEIRO E DECIO;1129;;6322,81
ARLA;14;22/03/22;POSTOS CAMINHONEIRO E DECIO;;;194,05
LICENÇA RODOVIA;21;22/03/22;DEPOSITOS;;;
COMISSAO;24;22/03/22;COMISSAO;;;1376,1
SEGURO;25;22/03/22;SEGURO  , TAXAS E QUEBRAS;;;246,52
OFICINA DA CARRETA;20;25/03/22;LUVRIFICACAO;;;100
OFICINA DA CARRETA;20;25/03/22;PONTUAL SOLDAS SHEGO;SOLDAS;;370
CTE  GVA;26;28/03/22;ENCARGO ;;;188,25
FRETE FUBA;1;29/03/22;BUNGE;MALU X RIO VERDE;11656;
KM SAIDA ;2;29/03/22;;;;
KM CHEGADA ;3;29/03/22;;;;
DIESEL;13;29/03/22;POSTOS CAMINHONEIRO E DECIO;914;;5117,69
ARLA;14;29/03/22;POSTOS CAMINHONEIRO E DECIO;;;179,51
LICENÇA RODOVIA;21;29/03/22;DEPOSITOS;;;
COMISSAO;24;29/03/22;COMISSAO;;;1282,16
CTE  GVA;26;30/03/22;;;;265,09
FRETE FUBA;1;02/04/22;BUNGE;FAZ. VELHA X RONDONOPOLIS;12205,9;
KM CHEGADA ;3;02/04/22;;;;
KM CHEGADA ;3;04/04/22;;;;
DIESEL;13;04/04/22;POSTOS CAMINHONEIRO E DECIO;713;;4010,3
ARLA;14;04/04/22;POSTOS CAMINHONEIRO E DECIO;;;131,73
LICENÇA RODOVIA;21;04/04/22;DEPOSITO;;;
CONCERTO DE PNEUS;18;04/04/22;BORRACHARIA;;;90
COMISSAO;24;04/04/22;COMISSAO ;;;1337,25
SEGURO;25;04/04/22;SEGURO, TAXAS E QUEBRAS;;;287,61
FRETE FUBA;1;06/04/22;BUNGE;A. ALVORADA CANARANA X TUIB;14937;
KM SAIDA ;2;06/04/22;;;;
KM CHEGADA ;3;06/04/22;;;;
DIESEL;13;06/04/22;POSTOS CAMINHONEIRO E DECIO;1150;;6475
ARLA;14;06/04/22;POSTOS CAMINHONEIRO E DECIO;;;254
LICENÇA RODOVIA;21;06/04/22;DEPOSITO;;;
COMISSAO;24;06/04/22;COMISSAO ;;;1643,07
SEGURO;25;06/04/22;SEGURO E TAXAS;;;63,73
PEDAGIO;29;06/04/22;CONCESSIONARIA;;;172
CLASSIFICADOR;22;06/04/22;CLASSIFICADOR ;;;20
FRETE FUBA;1;12/04/22;BUNG ARMAZEM ELO;XAVANTINA X UBERABA;11787,6;
KM SAIDA ;2;12/04/22;;;;
KM CHEGADA ;3;12/04/22;;;;
DIESEL;13;12/04/22;POSTOS CAMINHONEIRO E DECIO;1078;;6071,11
ARLA;14;12/04/22;POSTOS CAMINHONEIRO E DECIO;;;185,28
TRIAGEM;15;12/04/22;PATIO;;;120
CONCERTO DE PNEUS;18;12/04/22;BORRACHARIA;;;55
LICENÇA RODOVIA;21;12/04/22;DEPOSITO;;;
COMISSAO;24;12/04/22;COMISSAO ;;;1296,6
SEGURO;25;12/04/22;SEGURO E TAXAS;;;51,13
CTE  GVA;26;12/04/22;TAXAS;;;176,6
FRETE FUBA;1;18/04/22;BUNG ARMAZEM ASO;XAVANTINA X UBERABA;11797;
KM SAIDA ;2;18/04/22;;;;
KM CHEGADA ;3;18/04/22;;;;
DIESEL;13;18/04/22;POSTOS CAMINHONEIRO E DECIO;1049;;5906,57
ARLA;14;18/04/22;POSTOS CAMINHONEIRO E DECIO;;;213,02
TRIAGEM;15;18/04/22;PATIO;;;60
LICENÇA RODOVIA;21;18/04/22;DEPOSITO;;;
CLASSIFICADOR;22;18/04/22;GORGETA;;;25
COMISSAO;24;18/04/22;COMISSAO ;;;1297,67
SEGURO;25;18/04/22;SEGURO ETAXAS;;;51,19
CTE  GVA;26;18/04/22;;;;
PEDAGIO;29;18/04/22;CONCESSIONARIA;;;82,5
FRETE FUBA;1;21/04/22;FAZ. STA TERESINHA XAVANTINA X UBERABA;BUNG;12849,2;
KM SAIDA ;2;21/04/22;;;;
KM CHEGADA ;3;24/04/22;;;;
DIESEL;13;24/04/22;POSTOS CAMINHONEIRO E DECIO;1060;;5968,4
ARLA;14;24/04/22;POSTOS CAMINHONEIRO E DECIO;;;205,61
OFICINA DA CARRETA;20;25/04/22;PONTUAL SOLDAS SHEGO;;;640
OFICINA DA CARRETA;20;25/04/22;BRASIL CHASSI LIBRELATO;TAMBOR FREIO GRAXA;;2405
LICENÇA RODOVIA;21;25/04/22;RECEBI EM MAOS ;;;
CLASSIFICADOR;22;25/04/22;GORGETA;;;20
COMISSAO;24;25/04/22;COMISSAO ;;;1413,41
SEGURO;25;25/04/22;SEGURO TAXAS E QUEBRA;;;381,04
CTE  GVA;26;25/04/22;TARIFA;DOIS FRETE;;371,31
PEDAGIO;29;25/04/22;CONCESSIONARIA;;;82,5
TRIAGEM;15;25/04/22;PATIO ;;;60
FRETE FUBA;1;27/04/22;QUERENCIA X UBERABA;BUNG;15455,44;
KM SAIDA ;2;27/04/22;;;;
KM CHEGADA ;3;27/04/22;;;;
DIESEL;13;27/04/22;CAMINHONEIRO PIRANHAS;1213;;7830,05
ARLA;14;27/04/22;CAMINHONEIRO PIRANHAS;;;329,16
TRIAGEM;15;27/04/22;PATIO;;;60
CONCERTO DE PNEUS;18;27/04/22;TROCAS DE PNEUS;;;580
LICENÇA RODOVIA;21;30/04/22;RECEBI EM MAOS ;;;
CLASSIFICADOR;22;27/04/22;GORGETA;;;20
COMISSAO;24;30/04/22;COMISSAO ;;;1704,4
SEGURO;25;30/04/22;SEGURO TAXAS;;49,3;115,25
CTE  GVA;26;30/04/22;TAXAS;;;232,38
PEDAGIO;29;30/04/22;CONCESSIONARIA;;;82,5
OFICINA DA CARRETA;20;26/04/22;AUTO MECANICA CAMINHONEIRO ;TROCA DE LONA;;310
OFICINA DA CARRETA;20;26/04/22;MR AUTO ELETRICA RIO VERE;LANTERNA DE LED;;157
PNEUS RESSOLADOS;17;26/04/22;PNEUS CENTRAL ;4 RESSOLAGEM BORRACHUDO;;2560
FRETE FUBA;1;03/05/22;QUERENCIA X ARAGUARI;;14776,45;
DIESEL;13;03/05/22;POSTOS CAMINHONEIRO E DECIO;1248;;8118,85
ARLA;14;03/05/22;POSTO MARAJO;;;312,66
TRIAGEM;15;03/05/22;PATIO;;;60
CONCERTO DE PNEUS;18;03/05/22;TROCAS DE PNEUS;;;200
LICENÇA RODOVIA;21;03/05/22;RECEBI EM MAOS ;;;
CLASSIFICADOR;22;03/05/22;GORGETA;;;10
COMISSAO;24;03/05/22;COMISAO ;;;1625,4
SEGURO;25;03/05/22;TAXAS SEGURO;;;63,12
PEDAGIO;29;03/05/22;CONCESSIONARIA;;;73,5
OFICINA DO CAMINHAO;19;03/05/22;FILTRO RACOR ;;;135
OFICINA DO CAMINHAO;19;04/05/22;AUTO ELETRICA SHE;ALTERNADOR;;588
OFICINA DO CAMINHAO;19;04/05/22;NASA ;CORREIA ;;270
CONCERTO DE PNEUS;18;04/05/22;BORRACHARIA ANTONIO LIMA ;TROCA DE PNEUS ;;120
FRETE FUBA;1;08/05/22;CANARANA X ARAGUARI;FAZENDA SANTA BARBARA;16089,6;
KM CHEGADA ;3;09/05/22;477.783 KM;;;
DIESEL;13;09/05/22;CAMINHONEIRO E MARAJO ;1115;;7207,36
ARLA;14;09/05/22;CAMINHONEIRO E MARAJO ;;;262,79
TRIAGEM;15;09/05/22;PATIO;;;60
OFICINA DO CAMINHAO;19;09/05/22;DECIO ;TACOGRAFO;;35
LICENÇA RODOVIA;21;09/05/22;DEPOSITO ;;;
COMISSAO;24;09/05/22;COMISSAO;;;1769,85
SEGURO;25;09/05/22;TAXAS E SEGURO;;;68,21
CTE  GVA;26;09/05/22;TAXA;;;249,19
PEDAGIO;29;09/05/22;CONCESSIONARIA;;;73,5
OFICINA DO CAMINHAO;19;09/05/22;EIXO LASER ;V DO TRUK;;1905
ASSESSORIO;31;09/05/22;MARAJO;GELADEIRA;;3200
FRETE FUBA;1;12/05/22;NOVA NAZARE (GERAÇÃO) X ARAGUARI;QUERENCIA;16154,4;
KM SAIDA ;2;12/05/22;477.902 KM;2.023 KM MEDIA 1,8 K/L;;
KM CHEGADA ;3;15/05/22;479.925 KM;;;
DIESEL;13;15/05/22;MARAJO E CAMINHONEIRO;1119;;7620,75
ARLA;14;15/05/22;MARAJO E CAMINHONEIRO;67 LTS;;242,24
TRIAGEM;15;15/05/22;PATIO;;;60
OFICINA DO CAMINHAO;19;15/05/22;OFICINA DO ITAMAR SHEGO;MANGUEIRA DO ARLA;;200
ASSESSORIO;31;15/05/22;PONTUAL SOLDAS SHEGO;MONTAGEM CAIXA DE COZINHA;;350
ASSESSORIO;31;15/05/22;DECIO ;CX COZINHA E ACESSORIOS ;;1615
LICENÇA RODOVIA;21;15/05/22;RECEBI EM MAOS ;;;
COMISSAO;24;15/05/22;COMISSAO ;;;1776,98
SEGURO;25;15/05/22;SEGURO E TAXAS;;;68,22
CTE  GVA;26;15/05/22;TAXAS CTE;;;242,31
PEDAGIO;29;15/05/22;CONCESSIONARIA;;;73,5
FRETE FUBA;1;18/05/22;XAVANTINA X UBERABA;255,00 TON;12729,6;
KM CHEGADA ;3;06/05/22;481.800 KM;1.875  KM RODADO;;
DIESEL;13;18/05/22;MARAJO;964;;6564,54
ARLA;14;18/05/22;MARAJO E CAMINHONEIRO;64 LTS.;;231,98
TRIAGEM;15;19/05/22;PATIO;;;60
CONCERTO DE PNEUS;18;19/05/22;BORRACHARIA;;;40
LICENÇA RODOVIA;21;19/05/22;ENVELOPE;;;
CLASSIFICADOR;22;18/05/22;GORGETA;;;20
COMISSAO;24;18/05/22;COMISSAO;;;1400,25
SEGURO;25;18/05/22;SEGURO E TAXAS;;;139,43
PEDAGIO;29;18/05/22;CONCESSIONARIA;;;110,1
PNEUS NOVOS;16;20/05/22;BRIXX;2 PNEUS LISOS APOLO;;4400
FRETE FUBA;1;21/05/22;NOVO S. JOAQUIM X UBERABA;ADM;15018;
KM SAIDA ;2;21/05/22;;;;
KM CHEGADA ;3;24/05/22;;;;
DIESEL;13;24/05/22;CAMINHONEIRO E MARAJO ;1041;;7077,03
ARLA;14;24/05/22;CAMINHONEIRO E MARAJO ;;;255,75
TRIAGEM;15;24/05/22;PATIO;;;60
OFICINA DO CAMINHAO;19;24/05/22;OFICINA DO ITAMAR SHEGO;;;120
LICENÇA RODOVIA;21;24/05/22;RECEBI EM MAOS ;;;
CLASSIFICADOR;22;21/05/22;CLASSIFICADOR ;;;20
COMISSAO;24;24/05/22;COMISSAO ;;;1651,98
SEGURO;25;24/05/22;TAXAS E SEGURO;;;181,57
PEDAGIO;29;24/05/22;CONCESSIONARIA;;;16,5
OFICINA DA CARRETA;20;24/05/22;CARRETAO DINHEIRO ;LANTERNA LED, TENIL, PARA;;784,7
FRETE FUBA;1;25/05/22;F.STA CARMEM X UBERABA;ADM R$ 295,00;14867,9;
KM SAIDA ;2;25/05/22;;;;
KM CHEGADA ;3;29/05/22;486.155 KM;;;
DIESEL;13;29/05/22;CAMINHONEIRO E MARAJO ;1145;;7658,62
ARLA;14;29/05/22;CAMINHONEIRO E MARAJO ;74 LTS;;273,68
TRIAGEM;15;29/05/22;PATIO;;;60
CONCERTO DE PNEUS;18;29/05/22;BORRACHARIA SANTA HELENA;;;80
OFICINA DO CAMINHAO;19;29/05/22;SANTA HELENA ;TORCA DE OLEO E MANGUERA ;;110
OFICINA DA CARRETA;20;29/05/22;AUTO ELETRICA SHE;;;100
LICENÇA RODOVIA;21;29/05/22;DEPOSITO;;;
COMISSAO;24;29/05/22;COMISSAO ;;;1635,46
SEGURO;25;29/05/22;SEGURO E TAXAS;;;181,28
TROCA DE OLEO;28;29/05/22;MAO DE OBRA;;;40
PEDAGIO;29;29/05/22;CONCESSIONARIA;;;82,5
TROCA DE OLEO;28;30/05/22;NASA FILTROS ;OLEO;;2716
OFICINA DA CARRETA;20;30/05/22;CARRETAO DINHEIRO ;;;200
FRETE FUBA;1;01/06/22;GAUCHA DO NORTE X UBERABA;ADM;16224;
KM SAIDA ;2;01/06/22;486.155 KM;DIFERENÇA ;;
KM CHEGADA ;3;03/06/22;489.184 KM ;3.029 KM;;
DIESEL;13;03/06/22;CAMINHONEIRO E MARAJO ;1487;;10105,37
ARLA;14;03/06/22;CAMINHONEIRO E MARAJO ;87 LTS.;;320,66
TRIAGEM;15;03/06/22;PATIO;;;60
PNEUS NOVOS;16;03/06/22;BRIXX;2 PNEUS NOVOS;;4200
PNEUS RESSOLADOS;17;03/06/22;PNEU CENTRAL ;2 RESSOLAGEM;;1170
CONCERTO DE PNEUS;18;03/06/22;BORRACHARIA 01;SERVICO;;190
OFICINA DA CARRETA;20;03/06/22;PONTUAL SOLDAS SHEGO;;;355
LICENÇA RODOVIA;21;03/06/22;DEPOSITO;POSTO  MARAJO;;
COMISSAO;24;03/06/22;COMISSAO;;;1784,64
SEGURO;25;03/06/22;SEGURO E TAXAS D. FRETE;CARTAO NOVO 19,59;;223,32
PEDAGIO;29;03/06/22;CONCESSIONARIA;;;231
FRETE FUBA;1;05/06/22;CANARANA X UBERABA   R$ 285,00;;14210,09;
KM SAIDA ;2;05/06/22;489.184 KM ;;;
KM CHEGADA ;3;06/06/22;490.881 KM         ;KM RODADO 1.697 KM;;
DIESEL;13;06/05/22;CAMINHONEIRO E MARAJO ;896;;5957,56
ARLA;14;06/06/22;CAMINHONEIRO E MARAJO ;57;;205,63
TRIAGEM;15;06/05/22;PATIO;;;60
OFICINA DA CARRETA;20;06/05/22;PONTUAL SOLDAS SHEGO;PECAS E MAO DE OBRA;;1170
OFICINA DA CARRETA;20;06/06/22;PONTUAL SOLDAS SHEGO;;;30
LICENÇA RODOVIA;21;06/06/22;ENTREGUE EM MAOS;;;
COMISSAO;24;06/06/22;COMISSAO ;;;1563,1
SEGURO;25;06/06/22;SEGURO TAXAS E QUEBRA;;;180,52
FRETE FUBA;1;08/06/22;RIBEIRAO CASCALHEIRA X UBERABA;;14785,4;
KM SAIDA ;2;08/06/22;490.881 KM         ;;;
KM CHEGADA ;3;10/06/22;493.237 KM      ;DIFERENÇA 2.356 KM;;
DIESEL;13;10/06/22;CAMINHONEIRO E MARAJO ;1185;;7989,97
ARLA;14;10/06/22;CAMINHONEIRO E MARAJO ;59,07;;216,21
CONCERTO DE PNEUS;18;10/06/22;BORRACHARIA;;;50
OFICINA DO CAMINHAO;19;10/06/22;LOJA ;CERA STOPA E LAMPADAS;;95
TRIAGEM;15;10/06/22;PATIO;;;60
COMISSAO;24;10/06/22;COMISSAO ;;;1626,39
SEGURO;25;10/06/22;SEGURO ;;;181,35
PEDAGIO;29;10/06/22;CONCESSIONARIA;;;37
LICENÇA RODOVIA;21;10/06/22;AINDA NÃO RECEBI;;;
FRETE FUBA;1;14/06/22;RIBEIRAO CASCALHEIRA X RIO VERDE;245;12294,1;
KM SAIDA ;2;14/06/22;493.237 KM ;;;
KM CHEGADA ;3;16/06/22;495.423 KM;;;
DIESEL;13;16/06/22;CAMINHONEIRO E MARAJO ;1026;;6925,7
ARLA;14;16/06/22;CAMINHONEIRO E MARAJO ;;;159,05
CONCERTO DE PNEUS;18;16/06/22;BORRACHARIA;;;110
LICENÇA RODOVIA;21;16/06/22;DEPOSITO CAMINHONEIRO;;;
CLASSIFICADOR;22;14/06/22;CLASSIFICADOR ;;;20
COMISSAO;24;16/06/22;COMISSAO;;;1352,35
SEGURO;25;16/06/22;SEGURO TAXAS E QUEBRA;;;60,54
FRETE FUBA;1;18/06/22;GAUCHA DO NORTE X RIO VERDE;ADM 310,00;15332,6;
KM SAIDA ;2;18/06/22;495423;;;
KM CHEGADA ;3;23/06/22;497204;;;
DIESEL;13;23/06/22;CAMINHONEIRO E MARAJO ;963;;7249,58
ARLA;14;23/06/22;CAMINHONEIRO E MARAJO ;56,5;;199,23
OFICINA DO CAMINHAO;19;23/06/22;LAMPADA;;;15
LICENÇA RODOVIA;21;23/06/22;CAMINHONEIRO;;;
CLASSIFICADOR;22;18/06/22;CLASSIFICADOR ;;;20
COMISSAO;24;23/06/22;COMISSAO ;;;1686,58
SEGURO;25;23/06/22;SEGURO TAXAS;;;65,34
FRETE FUBA;1;26/06/22;GAUCHA DO NORTE X RIO VERDE;320;15980,8;
KM SAIDA ;2;26/06/22;497204;;;
KM CHEGADA ;3;28/06/22;498998;1.797 KM;;
DIESEL;13;28/06/22;CAMINHONEIRO;955;;7098
ARLA;14;28/06/22;CAMINHONEIRO;60;;219
OFICINA DA CARRETA;20;28/06/22;LACRE DA PLACA;;;50
COMISSAO;24;28/06/22;COMISSAO ;;;1757,88
SEGURO;25;28/06/22;SEGURO TAXAS;;;67,98
LICENÇA RODOVIA;21;30/06/22;DEPOSITO CAMINHONEIRO;6787,94;;
OFICINA DA CARRETA;20;30/06/22;CASA DAS MANGUEIRAS SHEGO;DJC, WALDIR ETC;;2069
FRETE FUBA;1;03/07/22;MALU X BRF;;13483;
KM SAIDA ;2;03/07/22;498998;;;
KM CHEGADA ;3;05/07/22;502244;;;
DIESEL;13;05/07/22;CAMINHONEIRO ;841;;6249,95
ARLA;14;05/07/22;CAMINHONEIRO ;55;;200
SEGURO;25;05/07/22;SEGURO, TAXAS E QUEBRAS;;;57,98
CLASSIFICADOR;22;05/07/22;CLASSIFICADOR ;;;20
COMISSAO;24;05/07/22;COMISSAO ;;;1483,8
OFICINA DO CAMINHAO;19;05/07/22;OLEO HIDRAILICO ;;;29,99
LICENÇA RODOVIA;21;05/07/22;DEPOSITO CAMINHONEIRO ;;;
OFICINA DO CAMINHAO;19;07/07/22;BATERAUTO RIO VERDE;2 BATERIAS;;1560
OFICINA DA CARRETA;20;07/07/22;PONTUAL SOLDAS SHEGO;PEITO POMBA, BALANÇA;;4429
OFICINA DA CARRETA;20;07/07/22;AUTO ELETRICA SHE;;;150
FRETE FUBA;1;08/07/22;MALU X RIO VERDE BRF;;13963,6;
KM SAIDA ;2;08/07/22;502244;;;
KM CHEGADA ;3;09/07/22;503865;;;
DIESEL;13;09/07/22;CAMINHONEIRO;841;;6249
ARLA;14;09/07/22;CAMINHONEIRO ;;;193,27
SEGURO;25;09/07/22;SEGURO TAXAS;;;59,83
CLASSIFICADOR;22;09/07/22;CLASSIFICADOR ;;;20
CONCERTO DE PNEUS;18;09/07/22;BORRACHARIA;;;120
COMISSAO;24;09/07/22;COMISSAO ;;;1535,99
LICENÇA RODOVIA;21;09/07/22;DEPOSITO POSTO CAMINHONEIRO ;;;
FRETE FUBA;1;12/07/22;MALU X BRF RIO VERDE;;13969,2;
KM SAIDA ;2;12/07/22;503865;;;
KM CHEGADA ;3;13/07/22;505486;;;
DIESEL;13;13/07/22;CAMINHONEIRO ;833;;6168,54
ARLA;14;13/07/22;CAMINHONEIRO;56;;205,59
SEGURO;25;13/07/22;SEGURO TAXAS;;;59,86
CLASSIFICADOR;22;13/07/22;CLASSIFICADOR ;;;20
CONCERTO DE PNEUS;18;13/07/22;BORRACHARIA;;;70
OFICINA DO CAMINHAO;19;13/07/22;DISCO TACOGRAFO ;;;40
COMISSAO;24;13/07/22;COMISSAO ;;;1536,61
PNEUS NOVOS;16;13/07/22;GONÇALVES E SILVA;2 PNEUS NOVOS;;5480
FRETE FUBA;1;15/07/22;DOIS AMERICANOS X RUMO RIO VERDE;;16051,2;
KM SAIDA ;2;15/07/22;505486;;;
KM CHEGADA ;3;17/07/22;507452;;;
DIESEL;13;17/07/22;CAMINHONEIRO ;1010;;7454
ARLA;14;17/07/22;CAMINHONEIRO ;;;232,32
SEGURO;25;17/07/22;SEGURO E TAXAS;;;68,18
CLASSIFICADOR;22;17/07/22;CLASSIFICADOR ;;;20
COMISSAO;24;17/07/22;COMISSAO ;;;1765,63
LICENÇA RODOVIA;21;17/07/22;DEPOSITO CAMINHONEIRO ;;;
FRETE FUBA;1;05/07/22;MALU X BRF RIO VERDE;;13462,2;
KM SAIDA ;2;05/07/22;500620;;;
KM CHEGADA ;3;06/07/22;502244;;;
COMISSAO;24;06/07/22;COMISSAO ;;;1480,84
DIESEL;13;06/07/22;CAMINHONEIRO;815;;6056,53
ARLA;14;06/07/22;CAMINHONEIRO;52,8;;193
SEGURO;25;06/07/22;SEGURO;;;57,83
CLASSIFICADOR;22;06/07/22;CLASSIFICADOR ;;;20
LICENÇA RODOVIA;21;06/07/22;DEPOSITO POSTO CAMINHONEIRO 09/07/22;;;
FRETE FUBA;1;21/07/22;MALU X RUMO;;13432,5;
KM SAIDA ;2;21/07/22;507452;;;
KM CHEGADA ;3;22/07/22;509179;;;
COMISSAO;24;22/07/22;COMISSAO ;;;1477,57
DIESEL;13;22/07/22;CAMINHONEIRO;850;;6230
ARLA;14;22/07/22;CAMINHONEIRO;54,8;;200
SEGURO;25;22/07/22;SEGURO E TAXAS;;;60,41
CLASSIFICADOR;22;22/07/22;CLASSIFICADOR ;;;20
LAVADOR ;40;22/07/22;LAVADOR;;;450
LICENÇA RODOVIA;21;22/07/22;DEPOSITO CAMINHONEIRO;;;
OFICINA DA CARRETA;20;21/07/22;PONTUAL SOLDAS SHEGO;;;200
OFICINA DO CAMINHAO;19;19/07/22;NASA ;;;648,71
FRETE FUBA;1;24/07/22;KULUENE X SÃO LUIS;;27500;
KM SAIDA ;2;24/07/22;509179;;;
KM CHEGADA ;3;29/07/22;511901;;;
COMISSAO;24;29/07/22;COMISSAO ;;;3025
DIESEL;13;29/07/22;NORDESTE;1535;;11141,6
ARLA;14;29/07/22;MORDESTE;83 LITROS;;351,2
SEGURO;25;29/07/22;SEGURO;;;559,14
PEDAGIO;29;29/07/22;PEDAGIO, BALSA E PROPINA DA BALSA;;;335
TRIAGEM;15;29/07/22;PATIO;;;35
OFICINA DO CAMINHAO;19;29/07/22;OLEO HIDRAILICO ;;;32
OFICINA DO CAMINHAO;19;30/07/22;COLAR DA EMBREAGEM;;;2300
LICENÇA RODOVIA;21;30/07/22;DEPOSITOS;;;
FRETE FUBA;1;01/08/22;SÃO LUIS X QUERENCIA;285;14113,2;
KM SAIDA ;2;01/08/22;511901;;;
KM CHEGADA ;3;03/08/22;513389;;;
COMISSAO;24;03/08/22;COMISSAO;;;1552,45
DIESEL;13;03/08/22;CAMINHONEIRO ;825;;6784,92
ARLA;14;03/08/22;CAMINHONEIRO;;;283,45
SEGURO;25;03/08/22;SEGURO;;;145,05
TRIAGEM;15;03/08/22;PATIO;;;40
OFICINA DA CARRETA;20;03/08/22;SOLDA;;;319
LICENÇA RODOVIA;21;03/08/22;RECEBI EM MAOS ;;;
FRETE FUBA;1;04/08/22;FAZENDA COCAL X BRF RIO VERDE;;13949,6;
KM SAIDA ;2;04/08/22;513389;;;
COMISSAO;24;05/08/22;COMISSAO ;;;1534,45
DIESEL;13;05/08/22;CAMINHONEIRO ;925;;6615
ARLA;14;05/08/22;CAMINHONEIRO ;50;;177,99
SEGURO;25;05/08/22;SEGURO TAXAS;;;59,78
CLASSIFICADOR;22;05/08/22;CLASSIFICADOR ;;;20
CONCERTO DE PNEUS;18;05/08/22;BORRACHARIA;;;120
OFICINA DA CARRETA;20;05/08/22;BORRACHA DE LONA E LUBRIFICAÇÃO ;;;89
LICENÇA RODOVIA;21;05/08/22;RECEBI EM MAOS ;;;
OFICINA DO CAMINHAO;19;05/08/22;RANDON ;01 RODA ;;780
OFICINA DO CAMINHAO;19;06/08/22;SETOR DIRECAO;;;1070
PNEUS NOVOS;16;06/08/22;BRIXX ;2 PNEUS NOVOS;;4000
OFICINA DO CAMINHAO;19;06/08/22;CASA DAS MANGUEIRAS SHEGO;;;100
FRETE FUBA;1;09/08/22;MALU X SÃO LUIZ;508,00 TON;25410,16;
KM SAIDA ;2;09/08/22;514846;;;
KM CHEGADA ;3;11/08/22;517587;;;
COMISSAO;24;12/08/22;COMISSAO ;;;2795,11
DIESEL;13;12/08/22;NORDESTE;1513;;10963,59
ARLA;14;12/08/22;NORDESTE;;;266,05
SEGURO;25;12/08/22;SEGURO;;;216,28
CLASSIFICADOR;22;12/08/22;CLASSIFICADOR ;;;20
TRIAGEM;15;12/08/22;PATIO;;;65
OFICINA DO CAMINHAO;19;12/08/22;VAZAMENTO DIREÇÃO ;MAO DE OBRA;;340
OFICINA DO CAMINHAO;19;12/08/22;VAZAMENTO DIREÇÃO ;;;5,9
OFICINA DO CAMINHAO;19;12/08/22;CHACE ALE;;;180
OFICINA DO CAMINHAO;19;12/08/22;PEÇAS CAMINHA;;;160
LICENÇA RODOVIA;21;12/08/22;DEPOSITOS DE   5.000 + 5.000 + 398,23;;;
PNEUS NOVOS;16;12/08/22;CENTRAL PNEUS ;2 PNEUS NOVOS;;4000
FRETE FUBA;1;15/08/22;SÃO LUIS X VALE VERDE QUERENCIA ;;13591,8;
KM SAIDA ;2;15/08/22;517587;;;
KM CHEGADA ;3;15/08/22;519051;;;
COMISSAO;24;15/08/22;COMISSAO ;;;1495,09
DIESEL;13;15/08/22;NORDESTE;871;;6309,66
ARLA;14;15/08/22;NORDESTE;;;222,36
SEGURO;25;15/08/22;SEGURO;;;100
TRIAGEM;15;15/08/22;PATIO;;;95
CLASSIFICADOR;22;15/08/22;POLICIA PARA;;;20
LICENÇA RODOVIA;21;17/08/22;PIX ;;;
FRETE FUBA;1;17/08/22;FAZ. JULIANA X RIO VERDE;;12281,85;
KM SAIDA ;2;17/08/22;519051;;;
KM CHEGADA ;3;17/08/22;520522;;;
COMISSAO;24;17/08/22;COMISSAO ;;;1351
DIESEL;13;19/08/22;CAMINHONEIRO;948;;6473,42
ARLA;14;19/08/22;CAMINHONEIRO;;;146,81
SEGURO;25;19/08/22;SEGURO;;;7,34
CLASSIFICADOR;22;19/08/22;CLASSIFICADOR ;;;20
CONCERTO DE PNEUS;18;19/08/22;BORRACHARIA;;;90
OFICINA DO CAMINHAO;19;20/08/22;MAO DE OBRA V DO TRUCK;;;470
LICENÇA RODOVIA;21;20/08/22;DEPOSITO CAMINHONEIRO;;;
CONCERTO DE PNEUS;18;20/08/22;CONCERTO DE PNEU ;CARTAO ;;120
OFICINA DO CAMINHAO;19;20/08/22;V DO TRUCK CASTRILON;CARTAO ;;1320
FRETE FUBA;1;23/08/22;FAZ. 5T QUERENCIA X RIO VERDE RUMO;;14511,16;
KM SAIDA ;2;23/08/22;520522;;;
KM CHEGADA ;3;25/08/22;522441;;;
COMISSAO;24;25/08/22;COMISSAO ;;;1596,27
DIESEL;13;25/08/22;DECIO E CAMINHONEIRO ;996;;6806,76
ARLA;14;25/08/22;DECIO E CAMINHONEIRO ;63 LTS;;227,62
SEGURO;25;25/08/22;SEGURO TAXAS E QUEBRA;;;32,28
OFICINA DO CAMINHAO;19;25/08/22;OFICINA DO ITAMAR SHEGO;;;325
LICENÇA RODOVIA;21;25/08/22;DEPOSITO DECIO ;;;
FRETE FUBA;1;27/08/22;FAZ. COCAL X RIO VERDE BRF;;13432,5;
KM SAIDA ;2;27/08/22;522441;;;
KM CHEGADA ;3;29/08/22;524297;;;
COMISSAO;24;29/08/22;COMISSAO;;;1477,57
DIESEL;13;29/08/22;DECIO E CAMINHONEIRO ;908;;6220
ARLA;14;29/08/22;DECIO E CAMINHONEIRO ;44;;162
SEGURO;25;29/08/22;SEGURO E TAXAS;;;57,71
LICENÇA RODOVIA;21;29/08/22;DEPOSITO POSTO CAMINHONEIRO ;;;
FRETE FUBA;1;31/08/22;FAZ. MAUA X RIO VERDE RUMO;;12942,8;
KM SAIDA ;2;31/08/22;524298;;;
KM CHEGADA ;3;31/08/22;526141;;;
COMISSAO;24;31/08/22;COMISSAO ;;;1423,7
DIESEL;13;31/08/22;CAMINHONEIRO ;1050;;7156,57
ARLA;14;31/08/22;CAMINHONEIRO;52,5;;191,25
SEGURO;25;31/08/22;SEGURO TAXAS;;3,98;109,04
CLASSIFICADOR;22;31/08/22;CLASSIFICADOR ;;;20
OFICINA DO CAMINHAO;19;31/08/22;TROCA DE OLEO;;;40
FRETE FUBA;1;06/09/22;RIO VERDE X SÃO FELIX DO ARAGUAIA;ADUBO;9449,24;
KM SAIDA ;2;06/09/22;526.141 KM;;;
KM CHEGADA ;3;08/09/22;527.422 KM;;;
COMISSAO;24;08/09/22;COMISSAO;;;1039,41
DIESEL;13;08/09/22;CAMINHONEIRO;860;;6032,72
ARLA;14;08/09/22;CAMINHONEIRO;30 LTS;;118,34
SEGURO;25;08/09/22;SEGURO TAXAS;;;260,85
CONCERTO DE PNEUS;18;08/09/22;BORRACHARIA;;;120
OFICINA DO CAMINHAO;19;08/09/22;LAMPADAS;;;71
PNEUS RESSOLADOS;17;01/09/22;PNEUS CENTRAL ;4 RESSOLAGEM LISO;;2640
LICENÇA RODOVIA;21;08/09/22;DEPOSITO PIX;;;
FRETE FUBA;1;09/09/22;FAZ. GRABRIELA DO XINGU X SÃO LUIZ;;25642,8;
KM SAIDA ;2;09/09/22;;;;
KM CHEGADA ;3;12/09/22;;;;
DIESEL;13;12/09/22;NORDESTE;945;;6842,59
ARLA;14;12/09/22;NORDESTE;;;239,7
COMISSAO;24;12/09/22;COMISSAO;;;2820,7
SEGURO;25;12/09/22;SEGURO TAXAS;;;72,8
CLASSIFICADOR;22;12/09/22;CLASSIFICADOR ;;;40
TRIAGEM;15;12/09/22;PATIO;;;111
OFICINA DA CARRETA;20;12/09/22;SOLDAS;;;265
LICENÇA RODOVIA;21;12/09/22;PIX ;;;
FRETE FUBA;1;16/09/22;SÃO LUIZ X QUERENCIA;;16764;
KM SAIDA ;2;16/09/22;;;;
KM CHEGADA ;3;20/09/22;;;;
COMISSAO;24;20/09/22;COMISSAO ;;;1844,04
DIESEL;13;20/09/22;NORDESTE;879;;6365,76
ARLA;14;20/09/22;NORDESTE;;;184,85
SEGURO;25;20/09/22;SEGURO;;;107,27
TRIAGEM;15;20/09/22;PATIO;;;141,25
LICENÇA E GURADAS;30;20/09/22;POLICIA E ;;;20
CLASSIFICADOR;22;20/09/22;AGENCIADOR;;;50
OFICINA DA CARRETA;20;20/09/22;MDF ;POSTO FISCAL;;150
LICENÇA RODOVIA;21;20/09/22;DEPOSITO ;;;
FRETE FUBA;1;21/09/22;QUERENCIA RIO X RIO VERDE RUMO;198;9872,28;
KM CHEGADA ;3;22/09/22;531.815 KM;;;
COMISSAO;24;24/09/22;COMISSAO ;;;1085,95
DIESEL;13;24/09/22;DECIO E CAMINHONEIRO ;968;;6219,9
ARLA;14;24/09/22;DECIO E CAMINHONEIRO ;;;144,83
SEGURO;25;24/09/22;SEGURO E TAXAS;;;80,67
OFICINA DA CARRETA;20;24/09/22;OFICINA EM MOTIVIDIU SOCORRO NA RODOVIA;;;400
OFICINA DO CAMINHAO;19;24/09/22;DISCO TACOGRAFO ;;;35
OFICINA DA CARRETA;20;24/09/22;PECAS, MAO DE OBRA, SH, MONTIVIDIU;RODA QUEBRADA ;;1693
LICENÇA RODOVIA;21;24/09/22;DEPOSITO CAMINHONEIRO;;;
FRETE FUBA;1;28/09/22;FAZ. LIBERDADE QUERENCIA X RUMO;ANTES DA VOTACAO;12069,28;
KM SAIDA ;2;28/09/22;531.815 KM;;;
KM CHEGADA ;3;30/09/22;534.109 KM;;;
COMISSAO;24;30/09/22;COMISSAO ;;;1327,62
DIESEL;13;28/09/22;DECIO E CAMINHONEIRO ;1176;;7574,13
ARLA;14;28/09/22;DECIO E CAMINHONEIRO ;46;;167,93
SEGURO;25;30/09/22;SEGURO E TAXAS;;;35,83
CLASSIFICADOR;22;28/09/22;CLASSIFICADOR ;;;20
OFICINA DO CAMINHAO;19;28/09/22;LIMPEZA DO RADIADOR;;;350
LICENÇA RODOVIA;21;28/09/22;DEPOSITO CAMINHONEIRO ;;;
FRETE FUBA;1;05/10/22;COCAL CANARANA X RIO VERDE;;10918,6;
KM SAIDA ;2;05/10/22;534.104 KM;;;
KM CHEGADA ;3;07/10/22;535.819 KM;;;
COMISSAO;24;07/10/22;COMISSAO ;;;1201,04
DIESEL;13;07/10/22;DECIO E CAMINHONEIRO ;880;;5667
ARLA;14;07/10/22;DECIO E CAMINHONEIRO ;;;122,9
SEGURO;25;07/10/22;SEGURO;;;34,98
CLASSIFICADOR;22;05/10/22;CLASSIFICADOR ;;;20
CONCERTO DE PNEUS;18;07/10/22;BORRACHARIA;;;270
OFICINA DO CAMINHAO;19;05/10/22;MAO DE OBRA DO ITAMAR ;MAIS 200 DAS CASAS DOS PARAFUSOS ;;1200
PNEUS NOVOS;16;07/10/22;BRIX PNEUS ;4 PNEUS BORRACHUDOS;;10200
LICENÇA RODOVIA;21;07/10/22;DEPOSITO CAMINHONEIRO  105 EM DINHEIRO ;;;
FRETE FUBA;1;11/10/22;FAZ. PALMEIRA QUERENCIA X RIO VERDE;;10787,07;
KM SAIDA ;2;11/10/22;535.813 KM;1779 KM;;
KM CHEGADA ;3;13/10/22;537.592 KM;1,97 KM/LT.;;
COMISSAO;24;13/10/22;COMISAO;;;1186,57
DIESEL;13;13/10/22;DECIO E CAMINHONEIRO ;900;;5796
ARLA;14;13/10/22;DECIO E CAMINHONEIRO ;34;;124,2
SEGURO;25;10/10/22;SEGURO E TAXAS ;;;80,98
CLASSIFICADOR;22;10/10/22;CLASSIFICADOR ;;;20
LICENÇA RODOVIA;21;13/10/22;DEPOSITO CAMINHONEIRO  602 EM DINHEIRO ;;;
FRETE FUBA;1;14/10/22;ESTRELA DALVA  QUERENCIA ;RUMO;12023,76;
KM SAIDA ;2;14/10/22;537.592 KM;;;
KM CHEGADA ;3;16/10/22;539.530 KM;;;
COMISSAO;24;16/10/22;COMISSAO ;;;1322,61
DIESEL;13;16/11/22;CAMINHONEIRO DECIO;966 LT;;6433,56
ARLA;14;16/10/22;CAMINHONEIRO E DECIO;36;;132,37
CLASSIFICADOR;22;14/10/22;CLASSIFICADOR ;;;20
SEGURO;25;16/10/22;SEGURO TAXAS E QUEBRA;;;52,08
LICENÇA RODOVIA;21;16/10/22;DEPOSITO CAMINHONEIRO ;;;
FRETE FUBA;1;18/10/22;FAZ. JULIANA BOM JJESUS ARAGUAIA ;RUMO;11238,75;
KM SAIDA ;2;18/10/22;539.530 KM ;;;
KM CHEGADA ;3;20/10/22;541.314 KM;;;
COMISSAO;24;20/10/22;COMISSAO ;;;1236,26
DIESEL;13;20/10/22;DECIO E CAMINHONEIRO ;902;;5810,33
ARLA;14;20/10/22;DECIO E CAMINHONEIRO ;;;120,32
SEGURO;25;20/10/22;SEGURO;;;45,34
CLASSIFICADOR;22;20/10/22;CLASSIFICADOR ;;;20
OFICINA DO CAMINHAO;19;20/10/22;NASA ;PECAS PARA REVISAO DO MOTOR ;;1900
FRETE FUBA;1;22/10/22;FAZ. MACUCO QUERENCIA X UBERABA;;17782,68;
KM SAIDA ;2;22/10/22;541314;;;
KM CHEGADA ;3;22/10/22;544022;;;
COMISSAO;24;25/10/22;COMISSAO;;;1956,07
DIESEL;13;25/10/22;DECIO E CAMINHONEIRO ;1350;;8684,43
ARLA;14;25/10/22;DECIO E CAMINHONEIRO ;;;113,51
TRIAGEM;15;25/10/22;PATIO;;;60
CLASSIFICADOR;22;25/10/22;CLASSIFICADOR ;;;20
PEDAGIO;29;25/10/22;CONCESSIONARIA;;;89
SEGURO;25;25/10/22;SEGURO;;;149,99
OFICINA DO CAMINHAO;19;25/10/22;EXTINTOR;;;141,99
FRETE FUBA;1;26/10/22;COFCO CANARANA X RIO VERDE;;8913,6;
KM SAIDA ;2;26/10/22;544022;;;
KM CHEGADA ;3;29/10/22;;;;
COMISSAO;24;29/10/22;COMISSAO ;;;980,49
DIESEL;13;29/10/22;DECIO E CAMINHONEIRO ;770;;4950
SEGURO;25;29/10/22;SEGURO;;;23,32
CLASSIFICADOR;22;29/10/22;CLASSIFICADOR ;;;20
OFICINA DO CAMINHAO;19;29/10/22;PINTAR PLACA DIANTEIRA;;;30
CONCERTO DE PNEUS;18;29/10/22;BORRACHARIA;;;70
OFICINA DO CAMINHAO;19;29/10/22;LONA DE FREIO TRAÇÃO ;DEBITO CARTAO;;930
DIARIA ;4;10/11/22;DIARIA ;;2520;
COMISSAO;24;10/11/22;COMISSAO DA DIARIA ;;;500
FRETE FUBA;1;05/11/22;FAZ JULIANA RIO VERDE;;11229,75;
KM SAIDA ;2;05/11/22;547402;;;
KM CHEGADA ;3;07/11/22;549182;;;
COMISSAO;24;07/11/22;COMISAO;;;1235,27
DIESEL;13;07/11/22;DECIO E CAMINHONEIRO ;928;;6117,62
ARLA;14;07/11/22;DECIO E CAMINHONEIRO ;71;;258,35
SEGURO;25;07/11/22;SEGURO E TAXAS;;;27,32
LAVADOR ;40;07/11/22;LAVADOR ;;;400
OFICINA DO CAMINHAO;19;07/11/22;OLEO HIDRAILICO ;;;67
OFICINA DA CARRETA;20;07/11/22;AUTO ELETRICA SHE;DEBITO CARTAO;;1400
LICENÇA RODOVIA;21;07/11/22;DEPOSITO CAMINHONEIRO ;;;
FRETE FUBA;1;11/11/22;GAUCHA DO NORTE X RUMO;;11349,84;
KM SAIDA ;2;11/11/22;547402;;;
KM CHEGADA ;3;13/11/22;549182;;;
COMISSAO;24;13/11/22;COMISSAO ;;;1248,48
DIESEL;13;13/11/22;DECIO E CAMINHONEIRO ;931;;6126,46
ARLA;14;13/11/22;DECIO E CAMINHONEIRO ;42;;155,08
SEGURO;25;13/11/22;SEGURO TAXAS;;;81,72
LICENÇA RODOVIA;21;13/11/22;DEPOSITO DECIO ;;;
FRETE FUBA;1;14/11/22;FAZ.  TAUVA X RUMO;;12480;
KM SAIDA ;2;14/11/22;549182;;;
KM CHEGADA ;3;16/11/22;551120;;;
COMISSAO;24;16/11/22;COMISSAO;;;1372,8
DIESEL;13;16/11/22;DECIO E CAMINHONEIRO ;962;;6329,54
ARLA;14;16/11/22;DECIO E CAMINHONEIRO ;42;;165,17
SEGURO;25;16/11/22;SEGURO;;;47,32
CLASSIFICADOR;22;14/11/22;CLASSIFICADOR ;;;20
LICENÇA RODOVIA;21;16/11/22;DEPOSITO DECIO ;FALTOU 3,00;;
FRETE FUBA;1;18/11/22;TAUVA X RUMO;;12490;
KM SAIDA ;2;18/11/22;551120;;;
KM CHEGADA ;3;20/11/22;553112;;;
COMISSAO;24;20/11/22;COMISSAO;;;1373,9
DIESEL;13;20/11/22;DECIO E CAMINHONEIRO ;990;;6501,11
ARLA;14;20/11/22;DECIO E CAMINHONEIRO ;;;167,93
SEGURO;25;20/11/22;SEGURO;;;23,35
OFICINA DO CAMINHAO;19;20/11/22;PECAS, MAO DE OBRA, SH, MONTIVIDIU;;;50
PNEUS RESSOLADOS;17;24/11/22;PNEUS CENTRAL ;RESSOLAGEM 2 PNEUS;;1260
TROCA DE OLEO;28;20/11/22;TROCA DE OLEO FILTRO MOTOR TODOS OS FILTROS  ARLA ETC;;;3802
OFICINA DO CAMINHAO;19;24/11/22;REVISAO DO MOTOR;KALANGO;;1500
LICENÇA RODOVIA;21;24/11/22;DEPOSITO;;;
FRETE FUBA;1;25/11/22;FAZ EXTRA QUERENCIA RUMO;;10144,92;
KM SAIDA ;2;25/11/22;553.112 KM;;;
KM CHEGADA ;3;25/11/22;554.939 KM;;;
COMISSAO;24;25/11/22;COMISSAO ;;;1115,94
DIESEL;13;27/11/22;DECIO E CAMINHONEIRO ;898;;5908,61
ARLA;14;27/11/22;DECIO E CAMINHONEIRO ;63 LTS;;232
SEGURO;25;27/11/22;SEGURO ;;;144,31
LICENÇA RODOVIA;21;27/11/22;DEPOSITOS;;;
FRETE FUBA;1;30/11/22;MALU X RUMO;;9736,35;
KM SAIDA ;2;30/11/22;;;;
KM CHEGADA ;3;30/11/22;556354;;;
COMISSAO;24;30/11/22;COMISSAO ;;;1070,99
DIESEL;13;30/11/22;POSTO KR SHEGO ;;;3316,28
SEGURO;25;30/11/22;SEGURO TAXAS;;;44,88
CLASSIFICADOR;22;30/11/22;GORGETA;;;20
OFICINA DO CAMINHAO;19;30/11/22;LIMPEZADA GABINE;;;17
OFICINA DA CARRETA;20;08/12/22;CASA DOS PARAFUSOS ;;;90
OFICINA DA CARRETA;20;08/12/22;RIO VERDE FERRAMENTAS ;ASSOALHO E TAMPAS;;3770,95
OFICINA DA CARRETA;20;08/12/22;MARCOS ANTONIO FREITAS;FRETE;;350
OFICINA DA CARRETA;20;12/12/22;CASA DOS PARAFUSOS ;LIXA FUNDO ;;965
OFICINA DA CARRETA;20;12/12/22;ALEX MARTINS DE JESUS;JATO DE AREIA;;2200
OFICINA DA CARRETA;20;13/12/22;CASA DOS PARAFUSOS ;;;135
OFICINA DA CARRETA;20;13/12/22;CASA DAS MANGUEIRAS SHEGO;;;190
OFICINA DA CARRETA;20;13/12/22;CASA DOS PARAFUSOS ;;;8
OFICINA DA CARRETA;20;14/12/22;WALDIR LUIZ SOBRINHO SHEGO ;;;80
OFICINA DA CARRETA;20;14/12/22;PAULO HENRIQUE APOLINARIO ;;;60
OFICINA DA CARRETA;20;15/12/22;CASA DAS MANGUEIRAS SHEGO;;;50
OFICINA DA CARRETA;20;19/12/22;CASA DOS PARAFUSOS ;;;63
OFICINA DA CARRETA;20;19/12/22;CASA DAS MADEIRAS;;;30
OFICINA DA CARRETA;20;20/12/22;CASA DOS PARAFUSOS ;;;100
OFICINA DA CARRETA;20;20/12/22;CASA GRANDE TINTAS;;;106
OFICINA DA CARRETA;20;21/12/22;DJC AGRICOLA;;;33
OFICINA DA CARRETA;20;21/12/22;CASA GRANDE TINTAS;;;1177
OFICINA DA CARRETA;20;21/12/22;LUCAS MARTINS QUINTO;;;7000
OFICINA DO CAMINHAO;19;22/12/22;LAVA JATO;;;220
OFICINA DA CARRETA;20;23/12/22;CASA DOS PARAFUSOS ;;;250
OFICINA DO CAMINHAO;19;23/12/22;ABASTECIMENTO PARA LEVAR O CAMINHAO;;;51
13 SALARIO;41;05/12/22;PAGOS EM 5 DE DEZEMBRO ;;;8548,7
FÉRIAS ;42;05/12/22;PAGA M 05 DE DEZEMBRO;;;11021,3
SEGURO ASTRACO ;32;31/12/22;SEGURO DOS 12 MESES;;;13101,48
FGTS;33;31/12/22;FGTS DOS 12 MESES;;;2999,35
INSS;34;31/12/22;INSS DOS 12 MESES;;;6058,23
IRRF;35;31/12/22;IMPOSTO DE RENDA DOS FUNCIONARIOS ;MAIS O IMPOSTO DA SIMONE;;2820
CONTADOR ;36;31/12/22;HONORARIOS DO CONTADOR DOS 12 MESES;;;3770
TARIFAS BANCARIAS;37;31/12/22;TARIFA DO BANCO DOS 12 MESES;;;1236
GVA AGENCIADOR DE FRETE;38;31/12/22;AGENCIADORES DE FRETE DOS 12 MESES;;;6270
TAXAS MUNICIPAIS;39;31/12/22;ALVARA DA PREFEITURA;;;199
TAXA CTE;43;31/12/22;TAXA DAS NOTAS FISCAIS;;;2500
SIMPLES NACIONAL;44;31/12/22;IMPOSTO DO GOVERNO;;;3142
MULTAS DE TRANSITO;23;31/12/22;MULTAS DOS 12 MESES;;;390,96
IPVA / LICENC.;27;31/12/22;IPVA;;;5210
LICENÇA RODOVIA;21;31/12/22;LICENCAS PARA RODOVIA;;;1009
